id,date,delta,avg
1,01/01/1850,-0.7,-0.376
2,02/01/1850,-0.286,-0.376
3,03/01/1850,-0.732,-0.376
4,04/01/1850,-0.563,-0.376
5,05/01/1850,-0.327,-0.376
6,06/01/1850,-0.213,-0.376
7,07/01/1850,-0.125,-0.376
8,08/01/1850,-0.237,-0.376
9,09/01/1850,-0.439,-0.376
10,10/01/1850,-0.451,-0.376
11,11/01/1850,-0.187,-0.376
12,12/01/1850,-0.257,-0.376
13,01/01/1851,-0.296,-0.222
14,02/01/1851,-0.356,-0.222
15,03/01/1851,-0.479,-0.222
16,04/01/1851,-0.441,-0.222
17,05/01/1851,-0.295,-0.222
18,06/01/1851,-0.197,-0.222
19,07/01/1851,-0.212,-0.222
20,08/01/1851,-0.157,-0.222
21,09/01/1851,-0.101,-0.222
22,10/01/1851,-0.057,-0.222
23,11/01/1851,-0.02,-0.222
24,12/01/1851,-0.051,-0.222
25,01/01/1852,-0.315,-0.232
26,02/01/1852,-0.477,-0.232
27,03/01/1852,-0.502,-0.232
28,04/01/1852,-0.557,-0.232
29,05/01/1852,-0.211,-0.232
30,06/01/1852,-0.04,-0.232
31,07/01/1852,-0.018,-0.232
32,08/01/1852,-0.202,-0.232
33,09/01/1852,-0.125,-0.232
34,10/01/1852,-0.216,-0.232
35,11/01/1852,-0.193,-0.232
36,12/01/1852,0.073,-0.232
37,01/01/1853,-0.182,-0.273
38,02/01/1853,-0.327,-0.273
39,03/01/1853,-0.309,-0.273
40,04/01/1853,-0.355,-0.273
41,05/01/1853,-0.268,-0.273
42,06/01/1853,-0.175,-0.273
43,07/01/1853,-0.059,-0.273
44,08/01/1853,-0.148,-0.273
45,09/01/1853,-0.404,-0.273
46,10/01/1853,-0.362,-0.273
47,11/01/1853,-0.255,-0.273
48,12/01/1853,-0.437,-0.273
49,01/01/1854,-0.365,-0.254
50,02/01/1854,-0.282,-0.254
51,03/01/1854,-0.286,-0.254
52,04/01/1854,-0.353,-0.254
53,05/01/1854,-0.233,-0.254
54,06/01/1854,-0.219,-0.254
55,07/01/1854,-0.227,-0.254
56,08/01/1854,-0.167,-0.254
57,09/01/1854,-0.119,-0.254
58,10/01/1854,-0.192,-0.254
59,11/01/1854,-0.367,-0.254
60,12/01/1854,-0.233,-0.254
61,01/01/1855,-0.169,-0.277
62,02/01/1855,-0.401,-0.277
63,03/01/1855,-0.306,-0.277
64,04/01/1855,-0.223,-0.277
65,05/01/1855,-0.338,-0.277
66,06/01/1855,-0.167,-0.277
67,07/01/1855,-0.271,-0.277
68,08/01/1855,-0.163,-0.277
69,09/01/1855,-0.336,-0.277
70,10/01/1855,-0.217,-0.277
71,11/01/1855,-0.214,-0.277
72,12/01/1855,-0.518,-0.277
73,01/01/1856,-0.122,-0.362
74,02/01/1856,-0.376,-0.362
75,03/01/1856,-0.528,-0.362
76,04/01/1856,-0.38,-0.362
77,05/01/1856,-0.129,-0.362
78,06/01/1856,-0.291,-0.362
79,07/01/1856,-0.304,-0.362
80,08/01/1856,-0.309,-0.362
81,09/01/1856,-0.461,-0.362
82,10/01/1856,-0.391,-0.362
83,11/01/1856,-0.608,-0.362
84,12/01/1856,-0.449,-0.362
85,01/01/1857,-0.513,-0.465
86,02/01/1857,-0.345,-0.465
87,03/01/1857,-0.434,-0.465
88,04/01/1857,-0.649,-0.465
89,05/01/1857,-0.57,-0.465
90,06/01/1857,-0.31,-0.465
91,07/01/1857,-0.541,-0.465
92,08/01/1857,-0.329,-0.465
93,09/01/1857,-0.393,-0.465
94,10/01/1857,-0.474,-0.465
95,11/01/1857,-0.668,-0.465
96,12/01/1857,-0.358,-0.465
97,01/01/1858,-0.528,-0.469
98,02/01/1858,-0.708,-0.469
99,03/01/1858,-0.548,-0.469
100,04/01/1858,-0.512,-0.469
101,05/01/1858,-0.653,-0.469
102,06/01/1858,-0.582,-0.469
103,07/01/1858,-0.329,-0.469
104,08/01/1858,-0.278,-0.469
105,09/01/1858,-0.332,-0.469
106,10/01/1858,-0.211,-0.469
107,11/01/1858,-0.643,-0.469
108,12/01/1858,-0.304,-0.469
109,01/01/1859,-0.308,-0.287
110,02/01/1859,-0.189,-0.287
111,03/01/1859,-0.327,-0.287
112,04/01/1859,-0.195,-0.287
113,05/01/1859,-0.307,-0.287
114,06/01/1859,-0.248,-0.287
115,07/01/1859,-0.274,-0.287
116,08/01/1859,-0.1,-0.287
117,09/01/1859,-0.565,-0.287
118,10/01/1859,-0.249,-0.287
119,11/01/1859,-0.315,-0.287
120,12/01/1859,-0.363,-0.287
121,01/01/1860,-0.181,-0.347
122,02/01/1860,-0.426,-0.347
123,03/01/1860,-0.642,-0.347
124,04/01/1860,-0.332,-0.347
125,05/01/1860,-0.293,-0.347
126,06/01/1860,-0.309,-0.347
127,07/01/1860,-0.109,-0.347
128,08/01/1860,-0.182,-0.347
129,09/01/1860,-0.217,-0.347
130,10/01/1860,-0.195,-0.347
131,11/01/1860,-0.515,-0.347
132,12/01/1860,-0.762,-0.347
133,01/01/1861,-0.893,-0.407
134,02/01/1861,-0.508,-0.407
135,03/01/1861,-0.464,-0.407
136,04/01/1861,-0.386,-0.407
137,05/01/1861,-0.768,-0.407
138,06/01/1861,-0.189,-0.407
139,07/01/1861,-0.221,-0.407
140,08/01/1861,-0.094,-0.407
141,09/01/1861,-0.33,-0.407
142,10/01/1861,-0.362,-0.407
143,11/01/1861,-0.417,-0.407
144,12/01/1861,-0.247,-0.407
145,01/01/1862,-0.742,-0.522
146,02/01/1862,-0.78,-0.522
147,03/01/1862,-0.403,-0.522
148,04/01/1862,-0.24,-0.522
149,05/01/1862,-0.225,-0.522
150,06/01/1862,-0.336,-0.522
151,07/01/1862,-0.344,-0.522
152,08/01/1862,-0.7,-0.522
153,09/01/1862,-0.42,-0.522
154,10/01/1862,-0.42,-0.522
155,11/01/1862,-0.766,-0.522
156,12/01/1862,-0.887,-0.522
157,01/01/1863,0.122,-0.28
158,02/01/1863,-0.024,-0.28
159,03/01/1863,-0.365,-0.28
160,04/01/1863,-0.244,-0.28
161,05/01/1863,-0.329,-0.28
162,06/01/1863,-0.402,-0.28
163,07/01/1863,-0.423,-0.28
164,08/01/1863,-0.326,-0.28
165,09/01/1863,-0.316,-0.28
166,10/01/1863,-0.384,-0.28
167,11/01/1863,-0.329,-0.28
168,12/01/1863,-0.341,-0.28
169,01/01/1864,-0.941,-0.496
170,02/01/1864,-0.632,-0.496
171,03/01/1864,-0.507,-0.496
172,04/01/1864,-0.548,-0.496
173,05/01/1864,-0.454,-0.496
174,06/01/1864,-0.165,-0.496
175,07/01/1864,-0.159,-0.496
176,08/01/1864,-0.311,-0.496
177,09/01/1864,-0.445,-0.496
178,10/01/1864,-0.706,-0.496
179,11/01/1864,-0.472,-0.496
180,12/01/1864,-0.615,-0.496
181,01/01/1865,-0.101,-0.283
182,02/01/1865,-0.615,-0.283
183,03/01/1865,-0.646,-0.283
184,04/01/1865,-0.236,-0.283
185,05/01/1865,-0.265,-0.283
186,06/01/1865,-0.285,-0.283
187,07/01/1865,-0.136,-0.283
188,08/01/1865,-0.21,-0.283
189,09/01/1865,-0.085,-0.283
190,10/01/1865,-0.27,-0.283
191,11/01/1865,-0.2,-0.283
192,12/01/1865,-0.342,-0.283
193,01/01/1866,0.037,-0.252
194,02/01/1866,-0.216,-0.252
195,03/01/1866,-0.596,-0.252
196,04/01/1866,-0.265,-0.252
197,05/01/1866,-0.53,-0.252
198,06/01/1866,0.098,-0.252
199,07/01/1866,0.018,-0.252
200,08/01/1866,-0.273,-0.252
201,09/01/1866,-0.232,-0.252
202,10/01/1866,-0.425,-0.252
203,11/01/1866,-0.309,-0.252
204,12/01/1866,-0.334,-0.252
205,01/01/1867,-0.313,-0.321
206,02/01/1867,0.007,-0.321
207,03/01/1867,-0.714,-0.321
208,04/01/1867,-0.266,-0.321
209,05/01/1867,-0.546,-0.321
210,06/01/1867,-0.304,-0.321
211,07/01/1867,-0.247,-0.321
212,08/01/1867,-0.234,-0.321
213,09/01/1867,-0.103,-0.321
214,10/01/1867,-0.186,-0.321
215,11/01/1867,-0.314,-0.321
216,12/01/1867,-0.628,-0.321
217,01/01/1868,-0.7,-0.239
218,02/01/1868,-0.471,-0.239
219,03/01/1868,-0.079,-0.239
220,04/01/1868,-0.381,-0.239
221,05/01/1868,-0.077,-0.239
222,06/01/1868,-0.178,-0.239
223,07/01/1868,0.138,-0.239
224,08/01/1868,-0.041,-0.239
225,09/01/1868,-0.202,-0.239
226,10/01/1868,-0.238,-0.239
227,11/01/1868,-0.505,-0.239
228,12/01/1868,-0.131,-0.239
229,01/01/1869,-0.249,-0.265
230,02/01/1869,0.258,-0.265
231,03/01/1869,-0.591,-0.265
232,04/01/1869,-0.221,-0.265
233,05/01/1869,-0.281,-0.265
234,06/01/1869,-0.376,-0.265
235,07/01/1869,-0.293,-0.265
236,08/01/1869,-0.084,-0.265
237,09/01/1869,-0.196,-0.265
238,10/01/1869,-0.417,-0.265
239,11/01/1869,-0.371,-0.265
240,12/01/1869,-0.358,-0.265
241,01/01/1870,-0.082,-0.277
242,02/01/1870,-0.453,-0.277
243,03/01/1870,-0.4,-0.277
244,04/01/1870,-0.206,-0.277
245,05/01/1870,-0.168,-0.277
246,06/01/1870,-0.216,-0.277
247,07/01/1870,0.018,-0.277
248,08/01/1870,-0.259,-0.277
249,09/01/1870,-0.264,-0.277
250,10/01/1870,-0.403,-0.277
251,11/01/1870,-0.17,-0.277
252,12/01/1870,-0.72,-0.277
253,01/01/1871,-0.528,-0.334
254,02/01/1871,-0.548,-0.334
255,03/01/1871,0.003,-0.334
256,04/01/1871,-0.139,-0.334
257,05/01/1871,-0.309,-0.334
258,06/01/1871,-0.222,-0.334
259,07/01/1871,-0.013,-0.334
260,08/01/1871,-0.221,-0.334
261,09/01/1871,-0.453,-0.334
262,10/01/1871,-0.48,-0.334
263,11/01/1871,-0.538,-0.334
264,12/01/1871,-0.561,-0.334
265,01/01/1872,-0.31,-0.229
266,02/01/1872,-0.405,-0.229
267,03/01/1872,-0.47,-0.229
268,04/01/1872,-0.15,-0.229
269,05/01/1872,-0.041,-0.229
270,06/01/1872,-0.205,-0.229
271,07/01/1872,-0.113,-0.229
272,08/01/1872,-0.027,-0.229
273,09/01/1872,-0.128,-0.229
274,10/01/1872,-0.227,-0.229
275,11/01/1872,-0.244,-0.229
276,12/01/1872,-0.426,-0.229
277,01/01/1873,-0.03,-0.305
278,02/01/1873,-0.344,-0.305
279,03/01/1873,-0.29,-0.305
280,04/01/1873,-0.524,-0.305
281,05/01/1873,-0.412,-0.305
282,06/01/1873,-0.257,-0.305
283,07/01/1873,-0.15,-0.305
284,08/01/1873,-0.159,-0.305
285,09/01/1873,-0.355,-0.305
286,10/01/1873,-0.401,-0.305
287,11/01/1873,-0.464,-0.305
288,12/01/1873,-0.272,-0.305
289,01/01/1874,0.063,-0.369
290,02/01/1874,-0.435,-0.369
291,03/01/1874,-0.556,-0.369
292,04/01/1874,-0.504,-0.369
293,05/01/1874,-0.467,-0.369
294,06/01/1874,-0.457,-0.369
295,07/01/1874,-0.169,-0.369
296,08/01/1874,-0.363,-0.369
297,09/01/1874,-0.204,-0.369
298,10/01/1874,-0.433,-0.369
299,11/01/1874,-0.501,-0.369
300,12/01/1874,-0.404,-0.369
301,01/01/1875,-0.571,-0.397
302,02/01/1875,-0.597,-0.397
303,03/01/1875,-0.597,-0.397
304,04/01/1875,-0.466,-0.397
305,05/01/1875,-0.175,-0.397
306,06/01/1875,-0.233,-0.397
307,07/01/1875,-0.299,-0.397
308,08/01/1875,-0.18,-0.397
309,09/01/1875,-0.268,-0.397
310,10/01/1875,-0.363,-0.397
311,11/01/1875,-0.503,-0.397
312,12/01/1875,-0.506,-0.397
313,01/01/1876,-0.315,-0.384
314,02/01/1876,-0.279,-0.384
315,03/01/1876,-0.388,-0.384
316,04/01/1876,-0.298,-0.384
317,05/01/1876,-0.533,-0.384
318,06/01/1876,-0.282,-0.384
319,07/01/1876,-0.137,-0.384
320,08/01/1876,-0.248,-0.384
321,09/01/1876,-0.436,-0.384
322,10/01/1876,-0.388,-0.384
323,11/01/1876,-0.586,-0.384
324,12/01/1876,-0.716,-0.384
325,01/01/1877,-0.327,-0.076
326,02/01/1877,0.049,-0.076
327,03/01/1877,-0.28,-0.076
328,04/01/1877,-0.321,-0.076
329,05/01/1877,-0.454,-0.076
330,06/01/1877,-0.092,-0.076
331,07/01/1877,0.013,-0.076
332,08/01/1877,0.147,-0.076
333,09/01/1877,0.028,-0.076
334,10/01/1877,0.062,-0.076
335,11/01/1877,0.096,-0.076
336,12/01/1877,0.17,-0.076
337,01/01/1878,0.174,0.037
338,02/01/1878,0.403,0.037
339,03/01/1878,0.343,0.037
340,04/01/1878,0.319,0.037
341,05/01/1878,-0.082,0.037
342,06/01/1878,0.019,0.037
343,07/01/1878,-0.049,0.037
344,08/01/1878,-0.023,0.037
345,09/01/1878,0.017,0.037
346,10/01/1878,-0.122,0.037
347,11/01/1878,-0.2,0.037
348,12/01/1878,-0.356,0.037
349,01/01/1879,-0.193,-0.231
350,02/01/1879,-0.149,-0.231
351,03/01/1879,-0.094,-0.231
352,04/01/1879,-0.214,-0.231
353,05/01/1879,-0.212,-0.231
354,06/01/1879,-0.27,-0.231
355,07/01/1879,-0.23,-0.231
356,08/01/1879,-0.167,-0.231
357,09/01/1879,-0.215,-0.231
358,10/01/1879,-0.122,-0.231
359,11/01/1879,-0.39,-0.231
360,12/01/1879,-0.515,-0.231
361,01/01/1880,-0.067,-0.228
362,02/01/1880,-0.173,-0.228
363,03/01/1880,-0.104,-0.228
364,04/01/1880,-0.15,-0.228
365,05/01/1880,-0.244,-0.228
366,06/01/1880,-0.307,-0.228
367,07/01/1880,-0.247,-0.228
368,08/01/1880,-0.116,-0.228
369,09/01/1880,-0.235,-0.228
370,10/01/1880,-0.386,-0.228
371,11/01/1880,-0.408,-0.228
372,12/01/1880,-0.294,-0.228
373,01/01/1881,-0.353,-0.201
374,02/01/1881,-0.234,-0.201
375,03/01/1881,-0.181,-0.201
376,04/01/1881,-0.131,-0.201
377,05/01/1881,-0.03,-0.201
378,06/01/1881,-0.23,-0.201
379,07/01/1881,-0.148,-0.201
380,08/01/1881,-0.123,-0.201
381,09/01/1881,-0.24,-0.201
382,10/01/1881,-0.275,-0.201
383,11/01/1881,-0.334,-0.201
384,12/01/1881,-0.13,-0.201
385,01/01/1882,0.125,-0.215
386,02/01/1882,-0.008,-0.215
387,03/01/1882,-0.051,-0.215
388,04/01/1882,-0.283,-0.215
389,05/01/1882,-0.372,-0.215
390,06/01/1882,-0.315,-0.215
391,07/01/1882,-0.187,-0.215
392,08/01/1882,-0.221,-0.215
393,09/01/1882,-0.156,-0.215
394,10/01/1882,-0.329,-0.215
395,11/01/1882,-0.312,-0.215
396,12/01/1882,-0.471,-0.215
397,01/01/1883,-0.4,-0.296
398,02/01/1883,-0.321,-0.296
399,03/01/1883,-0.346,-0.296
400,04/01/1883,-0.397,-0.296
401,05/01/1883,-0.256,-0.296
402,06/01/1883,-0.124,-0.296
403,07/01/1883,-0.2,-0.296
404,08/01/1883,-0.21,-0.296
405,09/01/1883,-0.279,-0.296
406,10/01/1883,-0.379,-0.296
407,11/01/1883,-0.312,-0.296
408,12/01/1883,-0.323,-0.296
409,01/01/1884,-0.403,-0.409
410,02/01/1884,-0.217,-0.409
411,03/01/1884,-0.459,-0.409
412,04/01/1884,-0.527,-0.409
413,05/01/1884,-0.396,-0.409
414,06/01/1884,-0.411,-0.409
415,07/01/1884,-0.424,-0.409
416,08/01/1884,-0.413,-0.409
417,09/01/1884,-0.346,-0.409
418,10/01/1884,-0.332,-0.409
419,11/01/1884,-0.567,-0.409
420,12/01/1884,-0.415,-0.409
421,01/01/1885,-0.502,-0.39
422,02/01/1885,-0.412,-0.39
423,03/01/1885,-0.482,-0.39
424,04/01/1885,-0.469,-0.39
425,05/01/1885,-0.518,-0.39
426,06/01/1885,-0.486,-0.39
427,07/01/1885,-0.316,-0.39
428,08/01/1885,-0.505,-0.39
429,09/01/1885,-0.329,-0.39
430,10/01/1885,-0.242,-0.39
431,11/01/1885,-0.262,-0.39
432,12/01/1885,-0.155,-0.39
433,01/01/1886,-0.396,-0.37
434,02/01/1886,-0.47,-0.37
435,03/01/1886,-0.412,-0.37
436,04/01/1886,-0.338,-0.37
437,05/01/1886,-0.188,-0.37
438,06/01/1886,-0.382,-0.37
439,07/01/1886,-0.28,-0.37
440,08/01/1886,-0.335,-0.37
441,09/01/1886,-0.432,-0.37
442,10/01/1886,-0.361,-0.37
443,11/01/1886,-0.423,-0.37
444,12/01/1886,-0.42,-0.37
445,01/01/1887,-0.566,-0.42
446,02/01/1887,-0.556,-0.42
447,03/01/1887,-0.457,-0.42
448,04/01/1887,-0.435,-0.42
449,05/01/1887,-0.355,-0.42
450,06/01/1887,-0.404,-0.42
451,07/01/1887,-0.274,-0.42
452,08/01/1887,-0.362,-0.42
453,09/01/1887,-0.337,-0.42
454,10/01/1887,-0.499,-0.42
455,11/01/1887,-0.404,-0.42
456,12/01/1887,-0.395,-0.42
457,01/01/1888,-0.591,-0.308
458,02/01/1888,-0.44,-0.308
459,03/01/1888,-0.534,-0.308
460,04/01/1888,-0.238,-0.308
461,05/01/1888,-0.347,-0.308
462,06/01/1888,-0.292,-0.308
463,07/01/1888,-0.304,-0.308
464,08/01/1888,-0.278,-0.308
465,09/01/1888,-0.219,-0.308
466,10/01/1888,-0.095,-0.308
467,11/01/1888,-0.194,-0.308
468,12/01/1888,-0.169,-0.308
469,01/01/1889,-0.067,-0.174
470,02/01/1889,-0.082,-0.174
471,03/01/1889,-0.064,-0.174
472,04/01/1889,0.01,-0.174
473,05/01/1889,-0.08,-0.174
474,06/01/1889,-0.144,-0.174
475,07/01/1889,-0.191,-0.174
476,08/01/1889,-0.22,-0.174
477,09/01/1889,-0.381,-0.174
478,10/01/1889,-0.298,-0.174
479,11/01/1889,-0.398,-0.174
480,12/01/1889,-0.179,-0.174
481,01/01/1890,-0.329,-0.419
482,02/01/1890,-0.368,-0.419
483,03/01/1890,-0.463,-0.419
484,04/01/1890,-0.324,-0.419
485,05/01/1890,-0.417,-0.419
486,06/01/1890,-0.371,-0.419
487,07/01/1890,-0.405,-0.419
488,08/01/1890,-0.416,-0.419
489,09/01/1890,-0.473,-0.419
490,10/01/1890,-0.498,-0.419
491,11/01/1890,-0.555,-0.419
492,12/01/1890,-0.411,-0.419
493,01/01/1891,-0.512,-0.333
494,02/01/1891,-0.474,-0.333
495,03/01/1891,-0.363,-0.333
496,04/01/1891,-0.358,-0.333
497,05/01/1891,-0.199,-0.333
498,06/01/1891,-0.288,-0.333
499,07/01/1891,-0.323,-0.333
500,08/01/1891,-0.313,-0.333
501,09/01/1891,-0.193,-0.333
502,10/01/1891,-0.322,-0.333
503,11/01/1891,-0.541,-0.333
504,12/01/1891,-0.115,-0.333
505,01/01/1892,-0.398,-0.457
506,02/01/1892,-0.112,-0.457
507,03/01/1892,-0.47,-0.457
508,04/01/1892,-0.484,-0.457
509,05/01/1892,-0.403,-0.457
510,06/01/1892,-0.461,-0.457
511,07/01/1892,-0.526,-0.457
512,08/01/1892,-0.443,-0.457
513,09/01/1892,-0.325,-0.457
514,10/01/1892,-0.441,-0.457
515,11/01/1892,-0.627,-0.457
516,12/01/1892,-0.793,-0.457
517,01/01/1893,-0.974,-0.474
518,02/01/1893,-0.727,-0.474
519,03/01/1893,-0.373,-0.474
520,04/01/1893,-0.567,-0.474
521,05/01/1893,-0.559,-0.474
522,06/01/1893,-0.459,-0.474
523,07/01/1893,-0.277,-0.474
524,08/01/1893,-0.291,-0.474
525,09/01/1893,-0.43,-0.474
526,10/01/1893,-0.274,-0.474
527,11/01/1893,-0.415,-0.474
528,12/01/1893,-0.34,-0.474
529,01/01/1894,-0.465,-0.409
530,02/01/1894,-0.374,-0.409
531,03/01/1894,-0.38,-0.409
532,04/01/1894,-0.388,-0.409
533,05/01/1894,-0.421,-0.409
534,06/01/1894,-0.493,-0.409
535,07/01/1894,-0.315,-0.409
536,08/01/1894,-0.341,-0.409
537,09/01/1894,-0.458,-0.409
538,10/01/1894,-0.444,-0.409
539,11/01/1894,-0.42,-0.409
540,12/01/1894,-0.41,-0.409
541,01/01/1895,-0.497,-0.391
542,02/01/1895,-0.677,-0.391
543,03/01/1895,-0.519,-0.391
544,04/01/1895,-0.405,-0.391
545,05/01/1895,-0.415,-0.391
546,06/01/1895,-0.333,-0.391
547,07/01/1895,-0.348,-0.391
548,08/01/1895,-0.261,-0.391
549,09/01/1895,-0.284,-0.391
550,10/01/1895,-0.337,-0.391
551,11/01/1895,-0.297,-0.391
552,12/01/1895,-0.318,-0.391
553,01/01/1896,-0.219,-0.187
554,02/01/1896,-0.23,-0.187
555,03/01/1896,-0.387,-0.187
556,04/01/1896,-0.352,-0.187
557,05/01/1896,-0.205,-0.187
558,06/01/1896,-0.119,-0.187
559,07/01/1896,-0.112,-0.187
560,08/01/1896,-0.063,-0.187
561,09/01/1896,-0.109,-0.187
562,10/01/1896,-0.123,-0.187
563,11/01/1896,-0.286,-0.187
564,12/01/1896,-0.034,-0.187
565,01/01/1897,-0.203,-0.208
566,02/01/1897,-0.125,-0.208
567,03/01/1897,-0.275,-0.208
568,04/01/1897,-0.076,-0.208
569,05/01/1897,-0.031,-0.208
570,06/01/1897,-0.155,-0.208
571,07/01/1897,-0.157,-0.208
572,08/01/1897,-0.149,-0.208
573,09/01/1897,-0.135,-0.208
574,10/01/1897,-0.258,-0.208
575,11/01/1897,-0.453,-0.208
576,12/01/1897,-0.477,-0.208
577,01/01/1898,-0.085,-0.412
578,02/01/1898,-0.38,-0.412
579,03/01/1898,-0.749,-0.412
580,04/01/1898,-0.573,-0.412
581,05/01/1898,-0.474,-0.412
582,06/01/1898,-0.319,-0.412
583,07/01/1898,-0.377,-0.412
584,08/01/1898,-0.306,-0.412
585,09/01/1898,-0.332,-0.412
586,10/01/1898,-0.556,-0.412
587,11/01/1898,-0.449,-0.412
588,12/01/1898,-0.346,-0.412
589,01/01/1899,-0.208,-0.289
590,02/01/1899,-0.494,-0.289
591,03/01/1899,-0.544,-0.289
592,04/01/1899,-0.351,-0.289
593,05/01/1899,-0.316,-0.289
594,06/01/1899,-0.39,-0.289
595,07/01/1899,-0.275,-0.289
596,08/01/1899,-0.147,-0.289
597,09/01/1899,-0.136,-0.289
598,10/01/1899,-0.188,-0.289
599,11/01/1899,0.028,-0.289
600,12/01/1899,-0.45,-0.289
601,01/01/1900,-0.266,-0.203
602,02/01/1900,-0.172,-0.203
603,03/01/1900,-0.285,-0.203
604,04/01/1900,-0.261,-0.203
605,05/01/1900,-0.273,-0.203
606,06/01/1900,-0.18,-0.203
607,07/01/1900,-0.19,-0.203
608,08/01/1900,-0.185,-0.203
609,09/01/1900,-0.23,-0.203
610,10/01/1900,-0.058,-0.203
611,11/01/1900,-0.263,-0.203
612,12/01/1900,-0.075,-0.203
613,01/01/1901,-0.176,-0.259
614,02/01/1901,-0.272,-0.259
615,03/01/1901,-0.236,-0.259
616,04/01/1901,-0.187,-0.259
617,05/01/1901,-0.196,-0.259
618,06/01/1901,-0.146,-0.259
619,07/01/1901,-0.188,-0.259
620,08/01/1901,-0.196,-0.259
621,09/01/1901,-0.343,-0.259
622,10/01/1901,-0.298,-0.259
623,11/01/1901,-0.442,-0.259
624,12/01/1901,-0.428,-0.259
625,01/01/1902,-0.232,-0.402
626,02/01/1902,-0.26,-0.402
627,03/01/1902,-0.398,-0.402
628,04/01/1902,-0.451,-0.402
629,05/01/1902,-0.401,-0.402
630,06/01/1902,-0.424,-0.402
631,07/01/1902,-0.391,-0.402
632,08/01/1902,-0.368,-0.402
633,09/01/1902,-0.361,-0.402
634,10/01/1902,-0.477,-0.402
635,11/01/1902,-0.538,-0.402
636,12/01/1902,-0.526,-0.402
637,01/01/1903,-0.269,-0.48
638,02/01/1903,-0.181,-0.48
639,03/01/1903,-0.358,-0.48
640,04/01/1903,-0.473,-0.48
641,05/01/1903,-0.463,-0.48
642,06/01/1903,-0.537,-0.48
643,07/01/1903,-0.485,-0.48
644,08/01/1903,-0.587,-0.48
645,09/01/1903,-0.518,-0.48
646,10/01/1903,-0.653,-0.48
647,11/01/1903,-0.634,-0.48
648,12/01/1903,-0.604,-0.48
649,01/01/1904,-0.644,-0.52
650,02/01/1904,-0.59,-0.52
651,03/01/1904,-0.661,-0.52
652,04/01/1904,-0.553,-0.52
653,05/01/1904,-0.527,-0.52
654,06/01/1904,-0.522,-0.52
655,07/01/1904,-0.522,-0.52
656,08/01/1904,-0.477,-0.52
657,09/01/1904,-0.478,-0.52
658,10/01/1904,-0.473,-0.52
659,11/01/1904,-0.387,-0.52
660,12/01/1904,-0.407,-0.52
661,01/01/1905,-0.46,-0.377
662,02/01/1905,-0.703,-0.377
663,03/01/1905,-0.462,-0.377
664,04/01/1905,-0.555,-0.377
665,05/01/1905,-0.344,-0.377
666,06/01/1905,-0.314,-0.377
667,07/01/1905,-0.297,-0.377
668,08/01/1905,-0.301,-0.377
669,09/01/1905,-0.313,-0.377
670,10/01/1905,-0.363,-0.377
671,11/01/1905,-0.218,-0.377
672,12/01/1905,-0.199,-0.377
673,01/01/1906,-0.075,-0.283
674,02/01/1906,-0.225,-0.283
675,03/01/1906,-0.284,-0.283
676,04/01/1906,-0.115,-0.283
677,05/01/1906,-0.329,-0.283
678,06/01/1906,-0.287,-0.283
679,07/01/1906,-0.315,-0.283
680,08/01/1906,-0.319,-0.283
681,09/01/1906,-0.385,-0.283
682,10/01/1906,-0.351,-0.283
683,11/01/1906,-0.427,-0.283
684,12/01/1906,-0.283,-0.283
685,01/01/1907,-0.431,-0.466
686,02/01/1907,-0.512,-0.466
687,03/01/1907,-0.338,-0.466
688,04/01/1907,-0.507,-0.466
689,05/01/1907,-0.555,-0.466
690,06/01/1907,-0.524,-0.466
691,07/01/1907,-0.402,-0.466
692,08/01/1907,-0.452,-0.466
693,09/01/1907,-0.405,-0.466
694,10/01/1907,-0.359,-0.466
695,11/01/1907,-0.581,-0.466
696,12/01/1907,-0.525,-0.466
697,01/01/1908,-0.412,-0.513
698,02/01/1908,-0.413,-0.513
699,03/01/1908,-0.636,-0.513
700,04/01/1908,-0.55,-0.513
701,05/01/1908,-0.474,-0.513
702,06/01/1908,-0.472,-0.513
703,07/01/1908,-0.469,-0.513
704,08/01/1908,-0.532,-0.513
705,09/01/1908,-0.454,-0.513
706,10/01/1908,-0.579,-0.513
707,11/01/1908,-0.596,-0.513
708,12/01/1908,-0.568,-0.513
709,01/01/1909,-0.579,-0.523
710,02/01/1909,-0.531,-0.523
711,03/01/1909,-0.69,-0.523
712,04/01/1909,-0.604,-0.523
713,05/01/1909,-0.586,-0.523
714,06/01/1909,-0.512,-0.523
715,07/01/1909,-0.573,-0.523
716,08/01/1909,-0.317,-0.523
717,09/01/1909,-0.398,-0.523
718,10/01/1909,-0.481,-0.523
719,11/01/1909,-0.42,-0.523
720,12/01/1909,-0.591,-0.523
721,01/01/1910,-0.352,-0.491
722,02/01/1910,-0.514,-0.491
723,03/01/1910,-0.487,-0.491
724,04/01/1910,-0.45,-0.491
725,05/01/1910,-0.466,-0.491
726,06/01/1910,-0.482,-0.491
727,07/01/1910,-0.466,-0.491
728,08/01/1910,-0.436,-0.491
729,09/01/1910,-0.441,-0.491
730,10/01/1910,-0.482,-0.491
731,11/01/1910,-0.652,-0.491
732,12/01/1910,-0.666,-0.491
733,01/01/1911,-0.554,-0.545
734,02/01/1911,-0.753,-0.545
735,03/01/1911,-0.701,-0.545
736,04/01/1911,-0.717,-0.545
737,05/01/1911,-0.6,-0.545
738,06/01/1911,-0.567,-0.545
739,07/01/1911,-0.51,-0.545
740,08/01/1911,-0.5,-0.545
741,09/01/1911,-0.511,-0.545
742,10/01/1911,-0.465,-0.545
743,11/01/1911,-0.374,-0.545
744,12/01/1911,-0.293,-0.545
745,01/01/1912,-0.361,-0.44
746,02/01/1912,-0.288,-0.44
747,03/01/1912,-0.385,-0.44
748,04/01/1912,-0.342,-0.44
749,05/01/1912,-0.375,-0.44
750,06/01/1912,-0.312,-0.44
751,07/01/1912,-0.453,-0.44
752,08/01/1912,-0.559,-0.44
753,09/01/1912,-0.557,-0.44
754,10/01/1912,-0.641,-0.44
755,11/01/1912,-0.518,-0.44
756,12/01/1912,-0.484,-0.44
757,01/01/1913,-0.451,-0.426
758,02/01/1913,-0.508,-0.426
759,03/01/1913,-0.537,-0.426
760,04/01/1913,-0.431,-0.426
761,05/01/1913,-0.513,-0.426
762,06/01/1913,-0.505,-0.426
763,07/01/1913,-0.431,-0.426
764,08/01/1913,-0.39,-0.426
765,09/01/1913,-0.426,-0.426
766,10/01/1913,-0.425,-0.426
767,11/01/1913,-0.264,-0.426
768,12/01/1913,-0.232,-0.426
769,01/01/1914,-0.079,-0.245
770,02/01/1914,-0.211,-0.245
771,03/01/1914,-0.326,-0.245
772,04/01/1914,-0.39,-0.245
773,05/01/1914,-0.282,-0.245
774,06/01/1914,-0.281,-0.245
775,07/01/1914,-0.328,-0.245
776,08/01/1914,-0.214,-0.245
777,09/01/1914,-0.255,-0.245
778,10/01/1914,-0.146,-0.245
779,11/01/1914,-0.183,-0.245
780,12/01/1914,-0.249,-0.245
781,01/01/1915,-0.111,-0.145
782,02/01/1915,-0.044,-0.145
783,03/01/1915,-0.187,-0.145
784,04/01/1915,-0.046,-0.145
785,05/01/1915,-0.196,-0.145
786,06/01/1915,-0.215,-0.145
787,07/01/1915,-0.1,-0.145
788,08/01/1915,-0.065,-0.145
789,09/01/1915,-0.128,-0.145
790,10/01/1915,-0.255,-0.145
791,11/01/1915,-0.138,-0.145
792,12/01/1915,-0.253,-0.145
793,01/01/1916,-0.235,-0.386
794,02/01/1916,-0.181,-0.386
795,03/01/1916,-0.406,-0.386
796,04/01/1916,-0.339,-0.386
797,05/01/1916,-0.351,-0.386
798,06/01/1916,-0.472,-0.386
799,07/01/1916,-0.378,-0.386
800,08/01/1916,-0.342,-0.386
801,09/01/1916,-0.335,-0.386
802,10/01/1916,-0.395,-0.386
803,11/01/1916,-0.572,-0.386
804,12/01/1916,-0.629,-0.386
805,01/01/1917,-0.68,-0.471
806,02/01/1917,-0.765,-0.471
807,03/01/1917,-0.832,-0.471
808,04/01/1917,-0.477,-0.471
809,05/01/1917,-0.662,-0.471
810,06/01/1917,-0.357,-0.471
811,07/01/1917,-0.122,-0.471
812,08/01/1917,-0.226,-0.471
813,09/01/1917,-0.125,-0.471
814,10/01/1917,-0.385,-0.471
815,11/01/1917,-0.386,-0.471
816,12/01/1917,-0.635,-0.471
817,01/01/1918,-0.501,-0.335
818,02/01/1918,-0.514,-0.335
819,03/01/1918,-0.445,-0.335
820,04/01/1918,-0.49,-0.335
821,05/01/1918,-0.426,-0.335
822,06/01/1918,-0.329,-0.335
823,07/01/1918,-0.336,-0.335
824,08/01/1918,-0.358,-0.335
825,09/01/1918,-0.243,-0.335
826,10/01/1918,-0.095,-0.335
827,11/01/1918,-0.05,-0.335
828,12/01/1918,-0.232,-0.335
829,01/01/1919,-0.106,-0.275
830,02/01/1919,-0.085,-0.275
831,03/01/1919,-0.306,-0.275
832,04/01/1919,-0.072,-0.275
833,05/01/1919,-0.255,-0.275
834,06/01/1919,-0.252,-0.275
835,07/01/1919,-0.362,-0.275
836,08/01/1919,-0.336,-0.275
837,09/01/1919,-0.239,-0.275
838,10/01/1919,-0.296,-0.275
839,11/01/1919,-0.532,-0.275
840,12/01/1919,-0.46,-0.275
841,01/01/1920,-0.239,-0.25
842,02/01/1920,-0.427,-0.25
843,03/01/1920,-0.119,-0.25
844,04/01/1920,-0.264,-0.25
845,05/01/1920,-0.2,-0.25
846,06/01/1920,-0.211,-0.25
847,07/01/1920,-0.285,-0.25
848,08/01/1920,-0.233,-0.25
849,09/01/1920,-0.139,-0.25
850,10/01/1920,-0.233,-0.25
851,11/01/1920,-0.289,-0.25
852,12/01/1920,-0.358,-0.25
853,01/01/1921,-0.141,-0.191
854,02/01/1921,-0.183,-0.191
855,03/01/1921,-0.249,-0.191
856,04/01/1921,-0.22,-0.191
857,05/01/1921,-0.203,-0.191
858,06/01/1921,-0.121,-0.191
859,07/01/1921,-0.14,-0.191
860,08/01/1921,-0.283,-0.191
861,09/01/1921,-0.165,-0.191
862,10/01/1921,-0.142,-0.191
863,11/01/1921,-0.301,-0.191
864,12/01/1921,-0.147,-0.191
865,01/01/1922,-0.387,-0.304
866,02/01/1922,-0.275,-0.304
867,03/01/1922,-0.267,-0.304
868,04/01/1922,-0.235,-0.304
869,05/01/1922,-0.371,-0.304
870,06/01/1922,-0.324,-0.304
871,07/01/1922,-0.229,-0.304
872,08/01/1922,-0.348,-0.304
873,09/01/1922,-0.282,-0.304
874,10/01/1922,-0.33,-0.304
875,11/01/1922,-0.292,-0.304
876,12/01/1922,-0.308,-0.304
877,01/01/1923,-0.237,-0.279
878,02/01/1923,-0.419,-0.279
879,03/01/1923,-0.412,-0.279
880,04/01/1923,-0.36,-0.279
881,05/01/1923,-0.319,-0.279
882,06/01/1923,-0.243,-0.279
883,07/01/1923,-0.352,-0.279
884,08/01/1923,-0.377,-0.279
885,09/01/1923,-0.327,-0.279
886,10/01/1923,-0.27,-0.279
887,11/01/1923,-0.021,-0.279
888,12/01/1923,-0.014,-0.279
889,01/01/1924,-0.315,-0.297
890,02/01/1924,-0.204,-0.297
891,03/01/1924,-0.271,-0.297
892,04/01/1924,-0.283,-0.297
893,05/01/1924,-0.245,-0.297
894,06/01/1924,-0.214,-0.297
895,07/01/1924,-0.263,-0.297
896,08/01/1924,-0.284,-0.297
897,09/01/1924,-0.284,-0.297
898,10/01/1924,-0.316,-0.297
899,11/01/1924,-0.361,-0.297
900,12/01/1924,-0.53,-0.297
901,01/01/1925,-0.403,-0.219
902,02/01/1925,-0.308,-0.219
903,03/01/1925,-0.23,-0.219
904,04/01/1925,-0.273,-0.219
905,05/01/1925,-0.256,-0.219
906,06/01/1925,-0.257,-0.219
907,07/01/1925,-0.214,-0.219
908,08/01/1925,-0.128,-0.219
909,09/01/1925,-0.191,-0.219
910,10/01/1925,-0.309,-0.219
911,11/01/1925,-0.063,-0.219
912,12/01/1925,0.001,-0.219
913,01/01/1926,0.086,-0.111
914,02/01/1926,-0.042,-0.111
915,03/01/1926,-0.028,-0.111
916,04/01/1926,-0.176,-0.111
917,05/01/1926,-0.217,-0.111
918,06/01/1926,-0.087,-0.111
919,07/01/1926,-0.239,-0.111
920,08/01/1926,-0.09,-0.111
921,09/01/1926,-0.097,-0.111
922,10/01/1926,-0.088,-0.111
923,11/01/1926,-0.109,-0.111
924,12/01/1926,-0.244,-0.111
925,01/01/1927,-0.261,-0.212
926,02/01/1927,-0.146,-0.212
927,03/01/1927,-0.333,-0.212
928,04/01/1927,-0.258,-0.212
929,05/01/1927,-0.257,-0.212
930,06/01/1927,-0.236,-0.212
931,07/01/1927,-0.147,-0.212
932,08/01/1927,-0.145,-0.212
933,09/01/1927,-0.134,-0.212
934,10/01/1927,-0.038,-0.212
935,11/01/1927,-0.173,-0.212
936,12/01/1927,-0.422,-0.212
937,01/01/1928,-0.054,-0.21
938,02/01/1928,-0.133,-0.21
939,03/01/1928,-0.344,-0.21
940,04/01/1928,-0.251,-0.21
941,05/01/1928,-0.281,-0.21
942,06/01/1928,-0.337,-0.21
943,07/01/1928,-0.166,-0.21
944,08/01/1928,-0.176,-0.21
945,09/01/1928,-0.221,-0.21
946,10/01/1928,-0.161,-0.21
947,11/01/1928,-0.153,-0.21
948,12/01/1928,-0.24,-0.21
949,01/01/1929,-0.487,-0.353
950,02/01/1929,-0.67,-0.353
951,03/01/1929,-0.409,-0.353
952,04/01/1929,-0.389,-0.353
953,05/01/1929,-0.391,-0.353
954,06/01/1929,-0.351,-0.353
955,07/01/1929,-0.358,-0.353
956,08/01/1929,-0.185,-0.353
957,09/01/1929,-0.265,-0.353
958,10/01/1929,-0.176,-0.353
959,11/01/1929,-0.072,-0.353
960,12/01/1929,-0.488,-0.353
961,01/01/1930,-0.327,-0.14
962,02/01/1930,-0.287,-0.14
963,03/01/1930,-0.15,-0.14
964,04/01/1930,-0.201,-0.14
965,05/01/1930,-0.201,-0.14
966,06/01/1930,-0.165,-0.14
967,07/01/1930,-0.122,-0.14
968,08/01/1930,-0.056,-0.14
969,09/01/1930,-0.079,-0.14
970,10/01/1930,-0.089,-0.14
971,11/01/1930,0.078,-0.14
972,12/01/1930,-0.079,-0.14
973,01/01/1931,-0.007,-0.091
974,02/01/1931,-0.162,-0.091
975,03/01/1931,-0.123,-0.091
976,04/01/1931,-0.182,-0.091
977,05/01/1931,-0.166,-0.091
978,06/01/1931,-0.04,-0.091
979,07/01/1931,0.002,-0.091
980,08/01/1931,-0.054,-0.091
981,09/01/1931,-0.05,-0.091
982,10/01/1931,-0.046,-0.091
983,11/01/1931,-0.153,-0.091
984,12/01/1931,-0.105,-0.091
985,01/01/1932,0.157,-0.14
986,02/01/1932,-0.196,-0.14
987,03/01/1932,-0.243,-0.14
988,04/01/1932,-0.069,-0.14
989,05/01/1932,-0.169,-0.14
990,06/01/1932,-0.191,-0.14
991,07/01/1932,-0.128,-0.14
992,08/01/1932,-0.197,-0.14
993,09/01/1932,-0.039,-0.14
994,10/01/1932,-0.176,-0.14
995,11/01/1932,-0.235,-0.14
996,12/01/1932,-0.194,-0.14
997,01/01/1933,-0.295,-0.276
998,02/01/1933,-0.324,-0.276
999,03/01/1933,-0.348,-0.276
1000,04/01/1933,-0.222,-0.276
1001,05/01/1933,-0.213,-0.276
1002,06/01/1933,-0.261,-0.276
1003,07/01/1933,-0.185,-0.276
1004,08/01/1933,-0.179,-0.276
1005,09/01/1933,-0.235,-0.276
1006,10/01/1933,-0.204,-0.276
1007,11/01/1933,-0.316,-0.276
1008,12/01/1933,-0.531,-0.276
1009,01/01/1934,-0.225,-0.133
1010,02/01/1934,-0.165,-0.133
1011,03/01/1934,-0.396,-0.133
1012,04/01/1934,-0.25,-0.133
1013,05/01/1934,-0.082,-0.133
1014,06/01/1934,-0.043,-0.133
1015,07/01/1934,-0.068,-0.133
1016,08/01/1934,-0.058,-0.133
1017,09/01/1934,-0.101,-0.133
1018,10/01/1934,-0.091,-0.133
1019,11/01/1934,0.022,-0.133
1020,12/01/1934,-0.142,-0.133
1021,01/01/1935,-0.233,-0.18
1022,02/01/1935,0.101,-0.18
1023,03/01/1935,-0.23,-0.18
1024,04/01/1935,-0.273,-0.18
1025,05/01/1935,-0.245,-0.18
1026,06/01/1935,-0.188,-0.18
1027,07/01/1935,-0.142,-0.18
1028,08/01/1935,-0.154,-0.18
1029,09/01/1935,-0.141,-0.18
1030,10/01/1935,-0.075,-0.18
1031,11/01/1935,-0.308,-0.18
1032,12/01/1935,-0.274,-0.18
1033,01/01/1936,-0.31,-0.149
1034,02/01/1936,-0.365,-0.149
1035,03/01/1936,-0.31,-0.149
1036,04/01/1936,-0.213,-0.149
1037,05/01/1936,-0.16,-0.149
1038,06/01/1936,-0.161,-0.149
1039,07/01/1936,-0.021,-0.149
1040,08/01/1936,-0.045,-0.149
1041,09/01/1936,-0.108,-0.149
1042,10/01/1936,-0.006,-0.149
1043,11/01/1936,-0.071,-0.149
1044,12/01/1936,-0.014,-0.149
1045,01/01/1937,-0.134,-0.028
1046,02/01/1937,0.039,-0.028
1047,03/01/1937,-0.279,-0.028
1048,04/01/1937,-0.135,-0.028
1049,05/01/1937,-0.083,-0.028
1050,06/01/1937,-0.006,-0.028
1051,07/01/1937,0.055,-0.028
1052,08/01/1937,0.085,-0.028
1053,09/01/1937,0.115,-0.028
1054,10/01/1937,0.12,-0.028
1055,11/01/1937,0.002,-0.028
1056,12/01/1937,-0.113,-0.028
1057,01/01/1938,0.013,-0.008
1058,02/01/1938,0.017,-0.008
1059,03/01/1938,0.057,-0.008
1060,04/01/1938,0.077,-0.008
1061,05/01/1938,-0.092,-0.008
1062,06/01/1938,-0.059,-0.008
1063,07/01/1938,-0.044,-0.008
1064,08/01/1938,0.015,-0.008
1065,09/01/1938,0.056,-0.008
1066,10/01/1938,0.141,-0.008
1067,11/01/1938,0.021,-0.008
1068,12/01/1938,-0.296,-0.008
1069,01/01/1939,-0.068,-0.053
1070,02/01/1939,-0.045,-0.053
1071,03/01/1939,-0.271,-0.053
1072,04/01/1939,-0.106,-0.053
1073,05/01/1939,-0.031,-0.053
1074,06/01/1939,0.062,-0.053
1075,07/01/1939,0.047,-0.053
1076,08/01/1939,0.036,-0.053
1077,09/01/1939,-0.081,-0.053
1078,10/01/1939,-0.278,-0.053
1079,11/01/1939,-0.129,-0.053
1080,12/01/1939,0.229,-0.053
1081,01/01/1940,-0.192,0.013
1082,02/01/1940,-0.043,0.013
1083,03/01/1940,-0.119,0.013
1084,04/01/1940,0.047,0.013
1085,05/01/1940,0.019,0.013
1086,06/01/1940,0.034,0.013
1087,07/01/1940,0.145,0.013
1088,08/01/1940,0.043,0.013
1089,09/01/1940,0.122,0.013
1090,10/01/1940,0.011,0.013
1091,11/01/1940,-0.067,0.013
1092,12/01/1940,0.161,0.013
1093,01/01/1941,-0.092,0.02
1094,02/01/1941,-0.017,0.02
1095,03/01/1941,-0.136,0.02
1096,04/01/1941,0.019,0.02
1097,05/01/1941,-0.022,0.02
1098,06/01/1941,0.119,0.02
1099,07/01/1941,0.122,0.02
1100,08/01/1941,0.024,0.02
1101,09/01/1941,-0.135,0.02
1102,10/01/1941,0.216,0.02
1103,11/01/1941,0.051,0.02
1104,12/01/1941,0.095,0.02
1105,01/01/1942,0.206,-0.026
1106,02/01/1942,-0.088,-0.026
1107,03/01/1942,-0.09,-0.026
1108,04/01/1942,-0.065,-0.026
1109,05/01/1942,-0.019,-0.026
1110,06/01/1942,0.034,-0.026
1111,07/01/1942,-0.081,-0.026
1112,08/01/1942,-0.067,-0.026
1113,09/01/1942,0.002,-0.026
1114,10/01/1942,-0.084,-0.026
1115,11/01/1942,-0.066,-0.026
1116,12/01/1942,0,-0.026
1117,01/01/1943,-0.214,-0.005
1118,02/01/1943,0.068,-0.005
1119,03/01/1943,-0.204,-0.005
1120,04/01/1943,-0.003,-0.005
1121,05/01/1943,-0.018,-0.005
1122,06/01/1943,-0.096,-0.005
1123,07/01/1943,0.003,-0.005
1124,08/01/1943,-0.009,-0.005
1125,09/01/1943,-0.025,-0.005
1126,10/01/1943,0.229,-0.005
1127,11/01/1943,0.014,-0.005
1128,12/01/1943,0.191,-0.005
1129,01/01/1944,0.281,0.144
1130,02/01/1944,0.125,0.144
1131,03/01/1944,0.135,0.144
1132,04/01/1944,0.046,0.144
1133,05/01/1944,0.057,0.144
1134,06/01/1944,0.152,0.144
1135,07/01/1944,0.22,0.144
1136,08/01/1944,0.236,0.144
1137,09/01/1944,0.293,0.144
1138,10/01/1944,0.209,0.144
1139,11/01/1944,0.007,0.144
1140,12/01/1944,-0.034,0.144
1141,01/01/1945,-0.01,0.025
1142,02/01/1945,-0.103,0.025
1143,03/01/1945,-0.048,0.025
1144,04/01/1945,0.168,0.025
1145,05/01/1945,-0.108,0.025
1146,06/01/1945,-0.003,0.025
1147,07/01/1945,-0.084,0.025
1148,08/01/1945,0.364,0.025
1149,09/01/1945,0.161,0.025
1150,10/01/1945,0.173,0.025
1151,11/01/1945,-0.012,0.025
1152,12/01/1945,-0.202,0.025
1153,01/01/1946,0.096,-0.072
1154,02/01/1946,0.039,-0.072
1155,03/01/1946,-0.062,-0.072
1156,04/01/1946,0.139,-0.072
1157,05/01/1946,-0.11,-0.072
1158,06/01/1946,-0.255,-0.072
1159,07/01/1946,-0.043,-0.072
1160,08/01/1946,-0.147,-0.072
1161,09/01/1946,-0.015,-0.072
1162,10/01/1946,-0.052,-0.072
1163,11/01/1946,-0.094,-0.072
1164,12/01/1946,-0.361,-0.072
1165,01/01/1947,-0.113,-0.041
1166,02/01/1947,-0.174,-0.041
1167,03/01/1947,-0.064,-0.041
1168,04/01/1947,0.089,-0.041
1169,05/01/1947,-0.057,-0.041
1170,06/01/1947,0.004,-0.041
1171,07/01/1947,-0.003,-0.041
1172,08/01/1947,-0.04,-0.041
1173,09/01/1947,-0.068,-0.041
1174,10/01/1947,0.068,-0.041
1175,11/01/1947,0.047,-0.041
1176,12/01/1947,-0.175,-0.041
1177,01/01/1948,0.089,-0.04
1178,02/01/1948,-0.123,-0.04
1179,03/01/1948,-0.178,-0.04
1180,04/01/1948,-0.045,-0.04
1181,05/01/1948,0.101,-0.04
1182,06/01/1948,0.069,-0.04
1183,07/01/1948,-0.104,-0.04
1184,08/01/1948,-0.003,-0.04
1185,09/01/1948,-0.056,-0.04
1186,10/01/1948,0.022,-0.04
1187,11/01/1948,-0.059,-0.04
1188,12/01/1948,-0.198,-0.04
1189,01/01/1949,0.149,-0.077
1190,02/01/1949,-0.144,-0.077
1191,03/01/1949,-0.175,-0.077
1192,04/01/1949,0.004,-0.077
1193,05/01/1949,-0.053,-0.077
1194,06/01/1949,-0.184,-0.077
1195,07/01/1949,-0.099,-0.077
1196,08/01/1949,-0.042,-0.077
1197,09/01/1949,-0.079,-0.077
1198,10/01/1949,-0.034,-0.077
1199,11/01/1949,-0.081,-0.077
1200,12/01/1949,-0.19,-0.077
1201,01/01/1950,-0.318,-0.178
1202,02/01/1950,-0.25,-0.178
1203,03/01/1950,-0.181,-0.178
1204,04/01/1950,-0.173,-0.178
1205,05/01/1950,-0.094,-0.178
1206,06/01/1950,-0.076,-0.178
1207,07/01/1950,-0.044,-0.178
1208,08/01/1950,-0.12,-0.178
1209,09/01/1950,-0.106,-0.178
1210,10/01/1950,-0.129,-0.178
1211,11/01/1950,-0.391,-0.178
1212,12/01/1950,-0.25,-0.178
1213,01/01/1951,-0.354,-0.054
1214,02/01/1951,-0.461,-0.054
1215,03/01/1951,-0.293,-0.054
1216,04/01/1951,-0.108,-0.054
1217,05/01/1951,-0.015,-0.054
1218,06/01/1951,0.033,-0.054
1219,07/01/1951,0.041,-0.054
1220,08/01/1951,0.135,-0.054
1221,09/01/1951,0.091,-0.054
1222,10/01/1951,0.135,-0.054
1223,11/01/1951,-0.035,-0.054
1224,12/01/1951,0.18,-0.054
1225,01/01/1952,0.184,0.029
1226,02/01/1952,0.13,0.029
1227,03/01/1952,-0.131,0.029
1228,04/01/1952,0.053,0.029
1229,05/01/1952,0.036,0.029
1230,06/01/1952,0.039,0.029
1231,07/01/1952,0.1,0.029
1232,08/01/1952,0.093,0.029
1233,09/01/1952,0.1,0.029
1234,10/01/1952,-0.007,0.029
1235,11/01/1952,-0.186,0.029
1236,12/01/1952,-0.062,0.029
1237,01/01/1953,0.064,0.096
1238,02/01/1953,0.147,0.096
1239,03/01/1953,0.126,0.096
1240,04/01/1953,0.191,0.096
1241,05/01/1953,0.138,0.096
1242,06/01/1953,0.167,0.096
1243,07/01/1953,0.048,0.096
1244,08/01/1953,0.099,0.096
1245,09/01/1953,0.077,0.096
1246,10/01/1953,0.073,0.096
1247,11/01/1953,-0.067,0.096
1248,12/01/1953,0.091,0.096
1249,01/01/1954,-0.237,-0.131
1250,02/01/1954,-0.086,-0.131
1251,03/01/1954,-0.153,-0.131
1252,04/01/1954,-0.145,-0.131
1253,05/01/1954,-0.205,-0.131
1254,06/01/1954,-0.126,-0.131
1255,07/01/1954,-0.199,-0.131
1256,08/01/1954,-0.093,-0.131
1257,09/01/1954,-0.086,-0.131
1258,10/01/1954,-0.03,-0.131
1259,11/01/1954,0.022,-0.131
1260,12/01/1954,-0.232,-0.131
1261,01/01/1955,0.124,-0.19
1262,02/01/1955,-0.168,-0.19
1263,03/01/1955,-0.405,-0.19
1264,04/01/1955,-0.246,-0.19
1265,05/01/1955,-0.232,-0.19
1266,06/01/1955,-0.163,-0.19
1267,07/01/1955,-0.199,-0.19
1268,08/01/1955,-0.062,-0.19
1269,09/01/1955,-0.114,-0.19
1270,10/01/1955,-0.166,-0.19
1271,11/01/1955,-0.316,-0.19
1272,12/01/1955,-0.337,-0.19
1273,01/01/1956,-0.247,-0.266
1274,02/01/1956,-0.346,-0.266
1275,03/01/1956,-0.315,-0.266
1276,04/01/1956,-0.335,-0.266
1277,05/01/1956,-0.28,-0.266
1278,06/01/1956,-0.23,-0.266
1279,07/01/1956,-0.206,-0.266
1280,08/01/1956,-0.25,-0.266
1281,09/01/1956,-0.283,-0.266
1282,10/01/1956,-0.233,-0.266
1283,11/01/1956,-0.262,-0.266
1284,12/01/1956,-0.209,-0.266
1285,01/01/1957,-0.167,-0.008
1286,02/01/1957,-0.131,-0.008
1287,03/01/1957,-0.188,-0.008
1288,04/01/1957,-0.064,-0.008
1289,05/01/1957,0.049,-0.008
1290,06/01/1957,0.082,-0.008
1291,07/01/1957,0,-0.008
1292,08/01/1957,0.093,-0.008
1293,09/01/1957,0.037,-0.008
1294,10/01/1957,-0.015,-0.008
1295,11/01/1957,0.055,-0.008
1296,12/01/1957,0.151,-0.008
1297,01/01/1958,0.267,0.046
1298,02/01/1958,0.184,0.046
1299,03/01/1958,0.001,0.046
1300,04/01/1958,0.035,0.046
1301,05/01/1958,0.032,0.046
1302,06/01/1958,-0.015,0.046
1303,07/01/1958,0.041,0.046
1304,08/01/1958,0.004,0.046
1305,09/01/1958,-0.053,0.046
1306,10/01/1958,0.014,0.046
1307,11/01/1958,0.011,0.046
1308,12/01/1958,0.03,0.046
1309,01/01/1959,0.087,0.017
1310,02/01/1959,0.033,0.017
1311,03/01/1959,0.079,0.017
1312,04/01/1959,0.046,0.017
1313,05/01/1959,-0.01,0.017
1314,06/01/1959,0.062,0.017
1315,07/01/1959,0.03,0.017
1316,08/01/1959,0.047,0.017
1317,09/01/1959,0.041,0.017
1318,10/01/1959,-0.034,0.017
1319,11/01/1959,-0.111,0.017
1320,12/01/1959,-0.069,0.017
1321,01/01/1960,-0.032,-0.049
1322,02/01/1960,0.104,-0.049
1323,03/01/1960,-0.314,-0.049
1324,04/01/1960,-0.176,-0.049
1325,05/01/1960,-0.156,-0.049
1326,06/01/1960,-0.03,-0.049
1327,07/01/1960,-0.028,-0.049
1328,08/01/1960,0.008,-0.049
1329,09/01/1960,0.064,-0.049
1330,10/01/1960,-0.027,-0.049
1331,11/01/1960,-0.149,-0.049
1332,12/01/1960,0.146,-0.049
1333,01/01/1961,0.045,0.039
1334,02/01/1961,0.177,0.039
1335,03/01/1961,0.093,0.039
1336,04/01/1961,0.096,0.039
1337,05/01/1961,0.092,0.039
1338,06/01/1961,0.111,0.039
1339,07/01/1961,0.019,0.039
1340,08/01/1961,0.033,0.039
1341,09/01/1961,-0.029,0.039
1342,10/01/1961,-0.033,0.039
1343,11/01/1961,-0.018,0.039
1344,12/01/1961,-0.117,0.039
1345,01/01/1962,0.053,0.015
1346,02/01/1962,0.135,0.015
1347,03/01/1962,0.028,0.015
1348,04/01/1962,0.024,0.015
1349,05/01/1962,-0.047,0.015
1350,06/01/1962,-0.052,0.015
1351,07/01/1962,0.018,0.015
1352,08/01/1962,-0.005,0.015
1353,09/01/1962,-0.017,0.015
1354,10/01/1962,0.042,0.015
1355,11/01/1962,0.01,0.015
1356,12/01/1962,-0.012,0.015
1357,01/01/1963,-0.045,0.048
1358,02/01/1963,0.148,0.048
1359,03/01/1963,-0.147,0.048
1360,04/01/1963,-0.069,0.048
1361,05/01/1963,-0.022,0.048
1362,06/01/1963,-0.033,0.048
1363,07/01/1963,0.111,0.048
1364,08/01/1963,0.126,0.048
1365,09/01/1963,0.127,0.048
1366,10/01/1963,0.225,0.048
1367,11/01/1963,0.164,0.048
1368,12/01/1963,-0.006,0.048
1369,01/01/1964,-0.053,-0.222
1370,02/01/1964,-0.127,-0.222
1371,03/01/1964,-0.278,-0.222
1372,04/01/1964,-0.246,-0.222
1373,05/01/1964,-0.177,-0.222
1374,06/01/1964,-0.161,-0.222
1375,07/01/1964,-0.172,-0.222
1376,08/01/1964,-0.256,-0.222
1377,09/01/1964,-0.282,-0.222
1378,10/01/1964,-0.267,-0.222
1379,11/01/1964,-0.295,-0.222
1380,12/01/1964,-0.353,-0.222
1381,01/01/1965,-0.106,-0.141
1382,02/01/1965,-0.249,-0.141
1383,03/01/1965,-0.218,-0.141
1384,04/01/1965,-0.255,-0.141
1385,05/01/1965,-0.162,-0.141
1386,06/01/1965,-0.11,-0.141
1387,07/01/1965,-0.183,-0.141
1388,08/01/1965,-0.106,-0.141
1389,09/01/1965,-0.088,-0.141
1390,10/01/1965,-0.024,-0.141
1391,11/01/1965,-0.13,-0.141
1392,12/01/1965,-0.065,-0.141
1393,01/01/1966,-0.094,-0.069
1394,02/01/1966,-0.093,-0.069
1395,03/01/1966,-0.067,-0.069
1396,04/01/1966,-0.105,-0.069
1397,05/01/1966,-0.138,-0.069
1398,06/01/1966,0.038,-0.069
1399,07/01/1966,0.03,-0.069
1400,08/01/1966,-0.017,-0.069
1401,09/01/1966,-0.038,-0.069
1402,10/01/1966,-0.104,-0.069
1403,11/01/1966,-0.095,-0.069
1404,12/01/1966,-0.14,-0.069
1405,01/01/1967,-0.172,-0.074
1406,02/01/1967,-0.237,-0.074
1407,03/01/1967,-0.05,-0.074
1408,04/01/1967,-0.063,-0.074
1409,05/01/1967,0.076,-0.074
1410,06/01/1967,-0.081,-0.074
1411,07/01/1967,-0.063,-0.074
1412,08/01/1967,-0.061,-0.074
1413,09/01/1967,-0.093,-0.074
1414,10/01/1967,0.062,-0.074
1415,11/01/1967,-0.059,-0.074
1416,12/01/1967,-0.147,-0.074
1417,01/01/1968,-0.241,-0.113
1418,02/01/1968,-0.212,-0.113
1419,03/01/1968,0.036,-0.113
1420,04/01/1968,-0.169,-0.113
1421,05/01/1968,-0.218,-0.113
1422,06/01/1968,-0.107,-0.113
1423,07/01/1968,-0.102,-0.113
1424,08/01/1968,-0.059,-0.113
1425,09/01/1968,-0.086,-0.113
1426,10/01/1968,-0.021,-0.113
1427,11/01/1968,-0.071,-0.113
1428,12/01/1968,-0.11,-0.113
1429,01/01/1969,-0.172,0.032
1430,02/01/1969,-0.168,0.032
1431,03/01/1969,-0.005,0.032
1432,04/01/1969,0.106,0.032
1433,05/01/1969,0.132,0.032
1434,06/01/1969,0.025,0.032
1435,07/01/1969,0.038,0.032
1436,08/01/1969,0.054,0.032
1437,09/01/1969,0.019,0.032
1438,10/01/1969,0.031,0.032
1439,11/01/1969,0.131,0.032
1440,12/01/1969,0.194,0.032
1441,01/01/1970,0.07,-0.027
1442,02/01/1970,0.144,-0.027
1443,03/01/1970,-0.069,-0.027
1444,04/01/1970,0.056,-0.027
1445,05/01/1970,-0.036,-0.027
1446,06/01/1970,-0.015,-0.027
1447,07/01/1970,-0.05,-0.027
1448,08/01/1970,-0.093,-0.027
1449,09/01/1970,-0.04,-0.027
1450,10/01/1970,-0.075,-0.027
1451,11/01/1970,-0.05,-0.027
1452,12/01/1970,-0.166,-0.027
1453,01/01/1971,-0.102,-0.186
1454,02/01/1971,-0.289,-0.186
1455,03/01/1971,-0.282,-0.186
1456,04/01/1971,-0.237,-0.186
1457,05/01/1971,-0.214,-0.186
1458,06/01/1971,-0.235,-0.186
1459,07/01/1971,-0.13,-0.186
1460,08/01/1971,-0.168,-0.186
1461,09/01/1971,-0.124,-0.186
1462,10/01/1971,-0.165,-0.186
1463,11/01/1971,-0.086,-0.186
1464,12/01/1971,-0.199,-0.186
1465,01/01/1972,-0.379,-0.066
1466,02/01/1972,-0.291,-0.066
1467,03/01/1972,-0.132,-0.066
1468,04/01/1972,-0.077,-0.066
1469,05/01/1972,-0.065,-0.066
1470,06/01/1972,0.008,-0.066
1471,07/01/1972,-0.017,-0.066
1472,08/01/1972,0.016,-0.066
1473,09/01/1972,-0.053,-0.066
1474,10/01/1972,0.007,-0.066
1475,11/01/1972,0.002,-0.066
1476,12/01/1972,0.187,-0.066
1477,01/01/1973,0.147,0.062
1478,02/01/1973,0.278,0.062
1479,03/01/1973,0.226,0.062
1480,04/01/1973,0.162,0.062
1481,05/01/1973,0.085,0.062
1482,06/01/1973,0.11,0.062
1483,07/01/1973,0.026,0.062
1484,08/01/1973,0.017,0.062
1485,09/01/1973,-0.042,0.062
1486,10/01/1973,-0.047,0.062
1487,11/01/1973,-0.099,0.062
1488,12/01/1973,-0.113,0.062
1489,01/01/1974,-0.372,-0.213
1490,02/01/1974,-0.41,-0.213
1491,03/01/1974,-0.229,-0.213
1492,04/01/1974,-0.18,-0.213
1493,05/01/1974,-0.196,-0.213
1494,06/01/1974,-0.153,-0.213
1495,07/01/1974,-0.127,-0.213
1496,08/01/1974,-0.083,-0.213
1497,09/01/1974,-0.129,-0.213
1498,10/01/1974,-0.22,-0.213
1499,11/01/1974,-0.217,-0.213
1500,12/01/1974,-0.242,-0.213
1501,01/01/1975,-0.075,-0.149
1502,02/01/1975,-0.093,-0.149
1503,03/01/1975,-0.077,-0.149
1504,04/01/1975,-0.09,-0.149
1505,05/01/1975,-0.086,-0.149
1506,06/01/1975,-0.086,-0.149
1507,07/01/1975,-0.11,-0.149
1508,08/01/1975,-0.18,-0.149
1509,09/01/1975,-0.126,-0.149
1510,10/01/1975,-0.234,-0.149
1511,11/01/1975,-0.319,-0.149
1512,12/01/1975,-0.309,-0.149
1513,01/01/1976,-0.233,-0.242
1514,02/01/1976,-0.329,-0.242
1515,03/01/1976,-0.445,-0.242
1516,04/01/1976,-0.195,-0.242
1517,05/01/1976,-0.317,-0.242
1518,06/01/1976,-0.25,-0.242
1519,07/01/1976,-0.182,-0.242
1520,08/01/1976,-0.202,-0.242
1521,09/01/1976,-0.162,-0.242
1522,10/01/1976,-0.316,-0.242
1523,11/01/1976,-0.18,-0.242
1524,12/01/1976,-0.087,-0.242
1525,01/01/1977,-0.074,0.047
1526,02/01/1977,0.077,0.047
1527,03/01/1977,0.102,0.047
1528,04/01/1977,0.094,0.047
1529,05/01/1977,0.072,0.047
1530,06/01/1977,0.112,0.047
1531,07/01/1977,0.065,0.047
1532,08/01/1977,-0.001,0.047
1533,09/01/1977,0.033,0.047
1534,10/01/1977,-0.005,0.047
1535,11/01/1977,0.141,0.047
1536,12/01/1977,-0.051,0.047
1537,01/01/1978,0.017,-0.062
1538,02/01/1978,-0.035,-0.062
1539,03/01/1978,0.028,-0.062
1540,04/01/1978,-0.061,-0.062
1541,05/01/1978,-0.085,-0.062
1542,06/01/1978,-0.135,-0.062
1543,07/01/1978,-0.066,-0.062
1544,08/01/1978,-0.185,-0.062
1545,09/01/1978,-0.054,-0.062
1546,10/01/1978,-0.112,-0.062
1547,11/01/1978,0.046,-0.062
1548,12/01/1978,-0.098,-0.062
1549,01/01/1979,-0.029,0.057
1550,02/01/1979,-0.138,0.057
1551,03/01/1979,0.016,0.057
1552,04/01/1979,-0.05,0.057
1553,05/01/1979,-0.033,0.057
1554,06/01/1979,0.058,0.057
1555,07/01/1979,0.054,0.057
1556,08/01/1979,0.083,0.057
1557,09/01/1979,0.092,0.057
1558,10/01/1979,0.135,0.057
1559,11/01/1979,0.146,0.057
1560,12/01/1979,0.355,0.057
1561,01/01/1980,0.134,0.092
1562,02/01/1980,0.217,0.092
1563,03/01/1980,0.069,0.092
1564,04/01/1980,0.144,0.092
1565,05/01/1980,0.142,0.092
1566,06/01/1980,0.07,0.092
1567,07/01/1980,0.061,0.092
1568,08/01/1980,0.038,0.092
1569,09/01/1980,0.039,0.092
1570,10/01/1980,0.011,0.092
1571,11/01/1980,0.129,0.092
1572,12/01/1980,0.055,0.092
1573,01/01/1981,0.329,0.14
1574,02/01/1981,0.197,0.14
1575,03/01/1981,0.208,0.14
1576,04/01/1981,0.131,0.14
1577,05/01/1981,0.066,0.14
1578,06/01/1981,0.125,0.14
1579,07/01/1981,0.089,0.14
1580,08/01/1981,0.121,0.14
1581,09/01/1981,0.072,0.14
1582,10/01/1981,0.004,0.14
1583,11/01/1981,0.072,0.14
1584,12/01/1981,0.265,0.14
1585,01/01/1982,-0.045,0.012
1586,02/01/1982,0.006,0.012
1587,03/01/1982,-0.129,0.012
1588,04/01/1982,0.029,0.012
1589,05/01/1982,0.04,0.012
1590,06/01/1982,-0.055,0.012
1591,07/01/1982,-0.016,0.012
1592,08/01/1982,-0.009,0.012
1593,09/01/1982,0.075,0.012
1594,10/01/1982,0.006,0.012
1595,11/01/1982,-0.009,0.012
1596,12/01/1982,0.25,0.012
1597,01/01/1983,0.428,0.194
1598,02/01/1983,0.313,0.194
1599,03/01/1983,0.213,0.194
1600,04/01/1983,0.12,0.194
1601,05/01/1983,0.137,0.194
1602,06/01/1983,0.134,0.194
1603,07/01/1983,0.152,0.194
1604,08/01/1983,0.2,0.194
1605,09/01/1983,0.188,0.194
1606,10/01/1983,0.099,0.194
1607,11/01/1983,0.256,0.194
1608,12/01/1983,0.089,0.194
1609,01/01/1984,0.118,-0.014
1610,02/01/1984,0.013,-0.014
1611,03/01/1984,0.049,-0.014
1612,04/01/1984,-0.046,-0.014
1613,05/01/1984,0.092,-0.014
1614,06/01/1984,-0.015,-0.014
1615,07/01/1984,-0.037,-0.014
1616,08/01/1984,0.041,-0.014
1617,09/01/1984,0.033,-0.014
1618,10/01/1984,-0.022,-0.014
1619,11/01/1984,-0.121,-0.014
1620,12/01/1984,-0.274,-0.014
1621,01/01/1985,0.011,-0.03
1622,02/01/1985,-0.133,-0.03
1623,03/01/1985,-0.026,-0.03
1624,04/01/1985,-0.04,-0.03
1625,05/01/1985,-0.003,-0.03
1626,06/01/1985,-0.061,-0.03
1627,07/01/1985,-0.06,-0.03
1628,08/01/1985,0.026,-0.03
1629,09/01/1985,-0.032,-0.03
1630,10/01/1985,0.018,-0.03
1631,11/01/1985,-0.072,-0.03
1632,12/01/1985,0.014,-0.03
1633,01/01/1986,0.124,0.045
1634,02/01/1986,0.09,0.045
1635,03/01/1986,0.075,0.045
1636,04/01/1986,0.078,0.045
1637,05/01/1986,0.045,0.045
1638,06/01/1986,0.049,0.045
1639,07/01/1986,-0.002,0.045
1640,08/01/1986,0.002,0.045
1641,09/01/1986,0.011,0.045
1642,10/01/1986,0.066,0.045
1643,11/01/1986,-0.007,0.045
1644,12/01/1986,0.01,0.045
1645,01/01/1987,0.112,0.192
1646,02/01/1987,0.302,0.192
1647,03/01/1987,0.022,0.192
1648,04/01/1987,0.095,0.192
1649,05/01/1987,0.148,0.192
1650,06/01/1987,0.127,0.192
1651,07/01/1987,0.269,0.192
1652,08/01/1987,0.237,0.192
1653,09/01/1987,0.274,0.192
1654,10/01/1987,0.204,0.192
1655,11/01/1987,0.197,0.192
1656,12/01/1987,0.322,0.192
1657,01/01/1988,0.388,0.199
1658,02/01/1988,0.233,0.199
1659,03/01/1988,0.262,0.199
1660,04/01/1988,0.225,0.199
1661,05/01/1988,0.211,0.199
1662,06/01/1988,0.221,0.199
1663,07/01/1988,0.173,0.199
1664,08/01/1988,0.176,0.199
1665,09/01/1988,0.183,0.199
1666,10/01/1988,0.139,0.199
1667,11/01/1988,0.027,0.199
1668,12/01/1988,0.146,0.199
1669,01/01/1989,0.012,0.118
1670,02/01/1989,0.149,0.118
1671,03/01/1989,0.136,0.118
1672,04/01/1989,0.081,0.118
1673,05/01/1989,0.079,0.118
1674,06/01/1989,0.074,0.118
1675,07/01/1989,0.156,0.118
1676,08/01/1989,0.177,0.118
1677,09/01/1989,0.142,0.118
1678,10/01/1989,0.151,0.118
1679,11/01/1989,0.06,0.118
1680,12/01/1989,0.201,0.118
1681,01/01/1990,0.217,0.297
1682,02/01/1990,0.307,0.297
1683,03/01/1990,0.562,0.297
1684,04/01/1990,0.366,0.297
1685,05/01/1990,0.278,0.297
1686,06/01/1990,0.277,0.297
1687,07/01/1990,0.231,0.297
1688,08/01/1990,0.25,0.297
1689,09/01/1990,0.178,0.297
1690,10/01/1990,0.332,0.297
1691,11/01/1990,0.318,0.297
1692,12/01/1990,0.248,0.297
1693,01/01/1991,0.288,0.255
1694,02/01/1991,0.298,0.255
1695,03/01/1991,0.198,0.255
1696,04/01/1991,0.383,0.255
1697,05/01/1991,0.303,0.255
1698,06/01/1991,0.306,0.255
1699,07/01/1991,0.307,0.255
1700,08/01/1991,0.258,0.255
1701,09/01/1991,0.243,0.255
1702,10/01/1991,0.191,0.255
1703,11/01/1991,0.16,0.255
1704,12/01/1991,0.12,0.255
1705,01/01/1992,0.367,0.105
1706,02/01/1992,0.319,0.105
1707,03/01/1992,0.258,0.105
1708,04/01/1992,0.137,0.105
1709,05/01/1992,0.173,0.105
1710,06/01/1992,0.13,0.105
1711,07/01/1992,-0.016,0.105
1712,08/01/1992,0.007,0.105
1713,09/01/1992,-0.064,0.105
1714,10/01/1992,-0.048,0.105
1715,11/01/1992,-0.084,0.105
1716,12/01/1992,0.082,0.105
1717,01/01/1993,0.307,0.149
1718,02/01/1993,0.253,0.149
1719,03/01/1993,0.239,0.149
1720,04/01/1993,0.131,0.149
1721,05/01/1993,0.178,0.149
1722,06/01/1993,0.179,0.149
1723,07/01/1993,0.131,0.149
1724,08/01/1993,0.097,0.149
1725,09/01/1993,0.07,0.149
1726,10/01/1993,0.109,0.149
1727,11/01/1993,-0.036,0.149
1728,12/01/1993,0.129,0.149
1729,01/01/1994,0.182,0.209
1730,02/01/1994,-0.048,0.209
1731,03/01/1994,0.222,0.209
1732,04/01/1994,0.21,0.209
1733,05/01/1994,0.268,0.209
1734,06/01/1994,0.262,0.209
1735,07/01/1994,0.17,0.209
1736,08/01/1994,0.186,0.209
1737,09/01/1994,0.19,0.209
1738,10/01/1994,0.311,0.209
1739,11/01/1994,0.314,0.209
1740,12/01/1994,0.246,0.209
1741,01/01/1995,0.421,0.325
1742,02/01/1995,0.601,0.325
1743,03/01/1995,0.322,0.325
1744,04/01/1995,0.285,0.325
1745,05/01/1995,0.218,0.325
1746,06/01/1995,0.312,0.325
1747,07/01/1995,0.331,0.325
1748,08/01/1995,0.357,0.325
1749,09/01/1995,0.263,0.325
1750,10/01/1995,0.336,0.325
1751,11/01/1995,0.324,0.325
1752,12/01/1995,0.132,0.325
1753,01/01/1996,0.116,0.182
1754,02/01/1996,0.323,0.182
1755,03/01/1996,0.186,0.182
1756,04/01/1996,0.13,0.182
1757,05/01/1996,0.224,0.182
1758,06/01/1996,0.168,0.182
1759,07/01/1996,0.221,0.182
1760,08/01/1996,0.207,0.182
1761,09/01/1996,0.104,0.182
1762,10/01/1996,0.132,0.182
1763,11/01/1996,0.146,0.182
1764,12/01/1996,0.232,0.182
1765,01/01/1997,0.211,0.39
1766,02/01/1997,0.313,0.39
1767,03/01/1997,0.344,0.39
1768,04/01/1997,0.266,0.39
1769,05/01/1997,0.286,0.39
1770,06/01/1997,0.411,0.39
1771,07/01/1997,0.373,0.39
1772,08/01/1997,0.44,0.39
1773,09/01/1997,0.479,0.39
1774,10/01/1997,0.558,0.39
1775,11/01/1997,0.501,0.39
1776,12/01/1997,0.503,0.39
1777,01/01/1998,0.489,0.54
1778,02/01/1998,0.763,0.54
1779,03/01/1998,0.549,0.54
1780,04/01/1998,0.65,0.54
1781,05/01/1998,0.582,0.54
1782,06/01/1998,0.591,0.54
1783,07/01/1998,0.673,0.54
1784,08/01/1998,0.605,0.54
1785,09/01/1998,0.4,0.54
1786,10/01/1998,0.407,0.54
1787,11/01/1998,0.298,0.54
1788,12/01/1998,0.472,0.54
1789,01/01/1999,0.347,0.307
1790,02/01/1999,0.583,0.307
1791,03/01/1999,0.226,0.307
1792,04/01/1999,0.324,0.307
1793,05/01/1999,0.245,0.307
1794,06/01/1999,0.273,0.307
1795,07/01/1999,0.288,0.307
1796,08/01/1999,0.228,0.307
1797,09/01/1999,0.305,0.307
1798,10/01/1999,0.253,0.307
1799,11/01/1999,0.241,0.307
1800,12/01/1999,0.37,0.307
1801,01/01/2000,0.224,0.296
1802,02/01/2000,0.449,0.296
1803,03/01/2000,0.382,0.296
1804,04/01/2000,0.479,0.296
1805,05/01/2000,0.279,0.296
1806,06/01/2000,0.27,0.296
1807,07/01/2000,0.261,0.296
1808,08/01/2000,0.353,0.296
1809,09/01/2000,0.312,0.296
1810,10/01/2000,0.225,0.296
1811,11/01/2000,0.16,0.296
1812,12/01/2000,0.157,0.296
1813,01/01/2001,0.357,0.442
1814,02/01/2001,0.319,0.442
1815,03/01/2001,0.51,0.442
1816,04/01/2001,0.462,0.442
1817,05/01/2001,0.418,0.442
1818,06/01/2001,0.419,0.442
1819,07/01/2001,0.464,0.442
1820,08/01/2001,0.505,0.442
1821,09/01/2001,0.431,0.442
1822,10/01/2001,0.421,0.442
1823,11/01/2001,0.613,0.442
1824,12/01/2001,0.383,0.442
1825,01/01/2002,0.654,0.498
1826,02/01/2002,0.703,0.498
1827,03/01/2002,0.701,0.498
1828,04/01/2002,0.46,0.498
1829,05/01/2002,0.427,0.498
1830,06/01/2002,0.471,0.498
1831,07/01/2002,0.491,0.498
1832,08/01/2002,0.453,0.498
1833,09/01/2002,0.424,0.498
1834,10/01/2002,0.411,0.498
1835,11/01/2002,0.45,0.498
1836,12/01/2002,0.325,0.498
1837,01/01/2003,0.6,0.508
1838,02/01/2003,0.459,0.508
1839,03/01/2003,0.45,0.508
1840,04/01/2003,0.437,0.508
1841,05/01/2003,0.473,0.508
1842,06/01/2003,0.454,0.508
1843,07/01/2003,0.475,0.508
1844,08/01/2003,0.549,0.508
1845,09/01/2003,0.536,0.508
1846,10/01/2003,0.612,0.508
1847,11/01/2003,0.457,0.508
1848,12/01/2003,0.589,0.508
1849,01/01/2004,0.507,0.448
1850,02/01/2004,0.613,0.448
1851,03/01/2004,0.532,0.448
1852,04/01/2004,0.477,0.448
1853,05/01/2004,0.311,0.448
1854,06/01/2004,0.322,0.448
1855,07/01/2004,0.359,0.448
1856,08/01/2004,0.394,0.448
1857,09/01/2004,0.438,0.448
1858,10/01/2004,0.464,0.448
1859,11/01/2004,0.604,0.448
1860,12/01/2004,0.355,0.448
1861,01/01/2005,0.549,0.546
1862,02/01/2005,0.396,0.546
1863,03/01/2005,0.565,0.546
1864,04/01/2005,0.611,0.546
1865,05/01/2005,0.518,0.546
1866,06/01/2005,0.552,0.546
1867,07/01/2005,0.547,0.546
1868,08/01/2005,0.538,0.546
1869,09/01/2005,0.574,0.546
1870,10/01/2005,0.614,0.546
1871,11/01/2005,0.627,0.546
1872,12/01/2005,0.462,0.546
1873,01/01/2006,0.383,0.506
1874,02/01/2006,0.571,0.506
1875,03/01/2006,0.461,0.506
1876,04/01/2006,0.407,0.506
1877,05/01/2006,0.405,0.506
1878,06/01/2006,0.518,0.506
1879,07/01/2006,0.486,0.506
1880,08/01/2006,0.535,0.506
1881,09/01/2006,0.503,0.506
1882,10/01/2006,0.569,0.506
1883,11/01/2006,0.54,0.506
1884,12/01/2006,0.691,0.506
1885,01/01/2007,0.828,0.492
1886,02/01/2007,0.567,0.492
1887,03/01/2007,0.517,0.492
1888,04/01/2007,0.587,0.492
1889,05/01/2007,0.448,0.492
1890,06/01/2007,0.42,0.492
1891,07/01/2007,0.439,0.492
1892,08/01/2007,0.44,0.492
1893,09/01/2007,0.455,0.492
1894,10/01/2007,0.467,0.492
1895,11/01/2007,0.391,0.492
1896,12/01/2007,0.341,0.492
1897,01/01/2008,0.158,0.395
1898,02/01/2008,0.235,0.395
1899,03/01/2008,0.559,0.395
1900,04/01/2008,0.327,0.395
1901,05/01/2008,0.34,0.395
1902,06/01/2008,0.365,0.395
1903,07/01/2008,0.451,0.395
1904,08/01/2008,0.432,0.395
1905,09/01/2008,0.407,0.395
1906,10/01/2008,0.546,0.395
1907,11/01/2008,0.526,0.395
1908,12/01/2008,0.395,0.395
1909,01/01/2009,0.478,0.505
1910,02/01/2009,0.443,0.505
1911,03/01/2009,0.404,0.505
1912,04/01/2009,0.511,0.505
1913,05/01/2009,0.441,0.505
1914,06/01/2009,0.546,0.505
1915,07/01/2009,0.536,0.505
1916,08/01/2009,0.586,0.505
1917,09/01/2009,0.567,0.505
1918,10/01/2009,0.516,0.505
1919,11/01/2009,0.55,0.505
1920,12/01/2009,0.484,0.505
1921,01/01/2010,0.56,0.56
1922,02/01/2010,0.592,0.56
1923,03/01/2010,0.682,0.56
1924,04/01/2010,0.689,0.56
1925,05/01/2010,0.592,0.56
1926,06/01/2010,0.585,0.56
1927,07/01/2010,0.615,0.56
1928,08/01/2010,0.539,0.56
1929,09/01/2010,0.448,0.56
1930,10/01/2010,0.497,0.56
1931,11/01/2010,0.592,0.56
1932,12/01/2010,0.334,0.56
1933,01/01/2011,0.315,0.425
1934,02/01/2011,0.324,0.425
1935,03/01/2011,0.42,0.425
1936,04/01/2011,0.491,0.425
1937,05/01/2011,0.393,0.425
1938,06/01/2011,0.494,0.425
1939,07/01/2011,0.511,0.425
1940,08/01/2011,0.491,0.425
1941,09/01/2011,0.446,0.425
1942,10/01/2011,0.458,0.425
1943,11/01/2011,0.353,0.425
1944,12/01/2011,0.402,0.425
1945,01/01/2012,0.31,0.471
1946,02/01/2012,0.301,0.471
1947,03/01/2012,0.36,0.471
1948,04/01/2012,0.574,0.471
1949,05/01/2012,0.573,0.471
1950,06/01/2012,0.556,0.471
1951,07/01/2012,0.507,0.471
1952,08/01/2012,0.536,0.471
1953,09/01/2012,0.556,0.471
1954,10/01/2012,0.556,0.471
1955,11/01/2012,0.55,0.471
1956,12/01/2012,0.271,0.471
1957,01/01/2013,0.471,0.515
1958,02/01/2013,0.498,0.515
1959,03/01/2013,0.421,0.515
1960,04/01/2013,0.45,0.515
1961,05/01/2013,0.525,0.515
1962,06/01/2013,0.501,0.515
1963,07/01/2013,0.518,0.515
1964,08/01/2013,0.541,0.515
1965,09/01/2013,0.546,0.515
1966,10/01/2013,0.516,0.515
1967,11/01/2013,0.66,0.515
1968,12/01/2013,0.532,0.515
1969,01/01/2014,0.534,0.58
1970,02/01/2014,0.327,0.58
1971,03/01/2014,0.584,0.58
1972,04/01/2014,0.667,0.58
1973,05/01/2014,0.608,0.58
1974,06/01/2014,0.625,0.58
1975,07/01/2014,0.544,0.58
1976,08/01/2014,0.677,0.58
1977,09/01/2014,0.601,0.58
1978,10/01/2014,0.635,0.58
1979,11/01/2014,0.504,0.58
1980,12/01/2014,0.655,0.58
1981,01/01/2015,0.705,0.764
1982,02/01/2015,0.689,0.764
1983,03/01/2015,0.708,0.764
1984,04/01/2015,0.673,0.764
1985,05/01/2015,0.711,0.764
1986,06/01/2015,0.743,0.764
1987,07/01/2015,0.697,0.764
1988,08/01/2015,0.74,0.764
1989,09/01/2015,0.796,0.764
1990,10/01/2015,0.845,0.764
1991,11/01/2015,0.84,0.764
1992,12/01/2015,1.024,0.764
1993,01/01/2016,0.934,0.798
1994,02/01/2016,1.111,0.798
1995,03/01/2016,1.106,0.798
1996,04/01/2016,0.937,0.798
1997,05/01/2016,0.707,0.798
1998,06/01/2016,0.744,0.798
1999,07/01/2016,0.744,0.798
2000,08/01/2016,0.79,0.798
2001,09/01/2016,0.729,0.798
2002,10/01/2016,0.598,0.798
2003,11/01/2016,0.553,0.798
2004,12/01/2016,0.62,0.798
2005,01/01/2017,0.739,0.678
2006,02/01/2017,0.845,0.678
2007,03/01/2017,0.873,0.678
2008,04/01/2017,0.737,0.678
2009,05/01/2017,0.659,0.678
2010,06/01/2017,0.641,0.678
2011,07/01/2017,0.651,0.678
2012,08/01/2017,0.714,0.678
2013,09/01/2017,0.557,0.678
2014,10/01/2017,0.571,0.678
2015,11/01/2017,0.554,0.678
2016,12/01/2017,0.6,0.678
2017,01/01/2018,0.554,0.597
2018,02/01/2018,0.528,0.597
2019,03/01/2018,0.615,0.597
2020,04/01/2018,0.627,0.597
2021,05/01/2018,0.587,0.597
2022,06/01/2018,0.573,0.597
2023,07/01/2018,0.594,0.597
2024,08/01/2018,0.586,0.597
2025,09/01/2018,0.598,0.597
2026,10/01/2018,0.678,0.597
2027,11/01/2018,0.59,0.597
2028,12/01/2018,0.638,0.597
2029,01/01/2019,0.738,0.732
2030,02/01/2019,0.662,0.732
2031,03/01/2019,0.874,0.732
2032,04/01/2019,0.78,0.732
2033,05/01/2019,0.608,0.732
